Engineering/Architecture,IT/Network,Marketing/Sales,Legal/Writing,Software/Web Development,Lab,Academia,Service
3d,database,community,law,desktop,technique,research,serv
model,admin,growth,documents,ecommerce,synthesis,scholar,kitchen
cad,migration,social,rights,website,chemical,educat,utensil
architect,integrity,outreach,justice,video,separation,tutor,prep
construct,performance,support,attorney,game,research,teach,cook
chemical,security,tech,acquisition,develop,assist,lesson,clean
process,portal,data,legal,mobile,lab,outreach,meal
civil,crm,market,property,app,train,coordinat,volunteer
electric,erp,review,team,automat,extraction,professor,outreach
mechanic,aws,product,paralegal,testing,bio,instructor,product
structural,network,assistance,lawyer,script,chem,college,produce
industrial,hub,virtual,securities,design,doctor,university,food
aerospace,router,cost,funds,ux,pharm,academi,beverage
environment,systems,control,tax,ui,physician,science,meal
supply,cloud,goal,immigration,web,office,math,banquet
pid,devops,organize,labor,back-end,protein,anatomy,wedding
pcb,frameworks,plan,unemployment,cms,notebook,assistant,fluent
hardware,sql,management,criminal,full-stack,safety,teacher,bilingual
design,information,campaign,regulatory,front-end,nurse,phd,multilingual
energy,devops,digital,protection,rust,medic,masters,translat
computer,develop,promote,union,python,emt,honours,culinary
manufacture,ip,relationship,government,java,ambulance,doctor,entertain
stem,manage,brand,international,c++,workshop,honor,serve
math,tcp,lead,copyright,c#,hospital,institution,customer
robot,udp,public,script,framework,clinic,alum,tend
hydraulic,encrypt,strategy,edit,program,dent,disciple,care
heat,decrypt,account,brand,api,surge,enforce,needs
dynamic,intercept,book,grant,network,cert,charter,satisfact
static,port,financ,technical,database,graph,supervis,phone
system,monitor,recruit,translat,sql,logy,report,resolve
draft,install,model,medical,firmware,dna,grad,conflict
petroleum,maintain,train,language,hardware,rna,meeting,listen
safety,privacy,director,public,machine,scientist,class,patience
quality,ssh,coordinator,court,linux,report,curriculum,positive
plant,linux,promot,interpersonal,learning,document,stud,attitude
nuclear,comptia,coach,pleadings,data,steril,librar,people
geological,diagnose,meeting,report,mining,classify,child,attenti
engineer,computer,sale,creative,sql,virus,driver,adapt
server,server,market,art,server,bacteria,bus,chef
artificial,facebook,excel,grant,facebook,culture,principal,broiler
maintenance,instagram,sheets,insur,engine,dish,substitute,pantry
manage,reddit,lead,photo,reddit,petri,social,soup
cloud,discord,director,content,discord,utensil,counselor,home
description,artificial,target,human,artificial,pharm,guidance,victim
algorithm,algorithm,coordinator,vlog,algorithm,phys,care,trafficked
storage,traffic,storage,blog,html,bench,director,provide
tool,tool,indust,journal,css,present,athletic,null
solar,wireshark,recruit,resources,node,organize,camp,null
pitch,packet,advert,psych,css,analy,plans,null
matlab,flask,pitch,human,django,experiment,program,null
python,js,board,linguistic,flask,award,workshop,null
numpy,back,entrepreneur,economic,numpy,null,board,null
reaction,layout,deadline,announce,pandas,null,student,null
tensor,tensor,product,author,tensor,null,intern,null
processor,git,customer,creative,git,null,trainer,null
object,object,prep,commons,object,null,coach,null
electronic,schedul,account,license,microsoft,null,present,null
engine,cyber,supply,cert,office,null,office,null
indust,remote,chain,paralegal,data,null,speaker,null
aircraft,communication,competitor,legal,cyber,null,award,null
vehicle,api,schedule,justice,library,diploma,history,null
plane,deploy,calendar,officer,software,null,biology,null
oil,graph,connect,police,visual,degree,chemist,null
